source_class,supported_fields_or_categories,certainty_and_limitation,source_url
Current reservation reporting (2026),Reservation created/visit/seated/finished/updated times and duration,Documented available field categories; exact CSV headings unknown,https://support.opentable.com/s/article/Reservations-Report-in-GuestCenter
Current reservation reporting (2026),"Guest name, phonetic name, phone, email, marketing opt-in",Documented available field categories; exact CSV headings unknown,https://support.opentable.com/s/article/Reservations-Report-in-GuestCenter
Current reservation reporting (2026),"Guest requests, visit notes, tags, guestbook notes",Documented available field categories; exact CSV headings unknown,https://support.opentable.com/s/article/Reservations-Report-in-GuestCenter
Current reservation reporting (2026),"Reservation details, source and marketing details",Documented available field categories; exact CSV headings unknown,https://support.opentable.com/s/article/Reservations-Report-in-GuestCenter
Current guestbook export,"Name, phonetic name, phone, email, marketing opt-in, company, birthday, anniversary",Documented available field categories; exact CSV headings unknown,https://support.opentable.com/s/article/Export-your-Guestbook
Current guestbook export,"Guest requests, visit notes, tags, guestbook notes, dining history",Documented available field categories; exact CSV headings unknown,https://support.opentable.com/s/article/Export-your-Guestbook
2025 reservation API example,"id, rid, guest_id, scheduled_time, party_size, state, guest_request, venue_notes, visit_tags",Exact JSON property names from published sample; NOT dashboard CSV,https://gist.github.com/nickohara-klaviyo/15f966b7c082c8ddb8ba1cbee1a93670
2025 guest API example,"id, rid, first_name, last_name, email, phone, tags, notes, notes_food_and_drink, notes_seating",Exact JSON property names from published sample; NOT dashboard CSV,https://gist.github.com/nickohara-klaviyo/b0b28777cdf0edfcba0a3e4cf092756f
OpenTable software v7,Historical guest export headers in legacy TSV fixture,Documented historical human-readable names; NOT current product,https://manualzilla.com/doc/5747345/chapter-1
